{"cameraMode":{"drawMode":0,"name":"Shaded","section":"Shading Mode"},"sceneLighting":true,"audioPlay":false,"sceneViewState":{"showFog":true,"showMaterialUpdate":false,"showSkybox":true,"showFlares":true,"showImageEffects":true,"showParticleSystems":true},"in2DMode":false,"pivot":{"x":-2.318242073059082,"y":0.7930578589439392,"z":-1.611437439918518},"rotation":{"x":-0.03676366060972214,"y":0.8863474130630493,"z":-0.0714174136519432,"w":-0.45604029297828677},"size":1.896782636642456,"orthographic":false}